{"stats":{"minecraft:broken":{"minecraft:golden_shovel":1,"minecraft:stone_pickaxe":1,"minecraft:golden_sword":1,"minecraft:leather_boots":1,"minecraft:stone_axe":1,"minecraft:wooden_axe":1,"minecraft:iron_hoe":1},"minecraft:crafted":{"hangglider:glider_framework":1,"minecraft:oak_planks":4,"minecraft:leather_boots":2,"hangglider:hang_glider":1,"minecraft:furnace":1,"sophisticatedbackpacks:crafting_upgrade":1,"hangglider:glider_wing":2,"minecraft:dark_oak_door":3,"minecraft:iron_axe":1,"minecraft:stone_pickaxe":1,"minecraft:chest":1,"minecraft:stripped_dark_oak_wood":6,"minecraft:dark_oak_planks":360,"minecraft:crafting_table":4,"minecraft:wooden_pickaxe":1,"minecraft:iron_sword":1,"minecraft:stone_axe":1,"sophisticatedbackpacks:upgrade_base":1,"minecraft:air":0,"minecraft:stick":108,"minecraft:iron_ingot":2,"minecraft:iron_pickaxe":1,"minecraft:wooden_axe":1,"minecraft:iron_shovel":6},"minecraft:picked_up":{"minecraft:music_disc_5":1,"minecraft:crafting_table":3,"minecraft:lead":1,"alexscaves:cave_tablet":6,"minecraft:wooden_pickaxe":1,"minecraft:potion":2,"minecraft:enchanted_book":2,"gravestone:obituary":6,"minecraft:brewing_stand":1,"minecraft:cornflower":1,"minecraft:music_disc_cat":1,"minecraft:raw_copper":5,"minecraft:moss_carpet":14,"minecraft:sticky_piston":2,"minecraft:white_carpet":6,"minecraft:experience_bottle":4,"butchersdelight:dead_cow":1,"minecraft:beetroot":3,"minecraft:cracked_stone_bricks":11,"minecraft:deepslate_tiles":59,"minecraft:cobbled_deepslate":22,"minecraft:echo_shard":18,"minecraft:redstone_torch":4,"minecraft:enchanted_golden_apple":1,"hangglider:hang_glider":1,"minecraft:sugar_cane":5,"minecraft:egg":3,"minecraft:dark_oak_sapling":5,"minecraft:stick":12,"minecraft:raw_iron":36,"minecraft:big_dripleaf":1,"sophisticatedbackpacks:backpack":2,"minecraft:stone_button":1,"minecraft:diorite":22,"minecraft:prismarine_crystals":5,"minecraft:dark_oak_planks":6,"minecraft:tnt":1,"minecraft:arrow":13,"minecraft:rotten_flesh":38,"minecraft:saddle":1,"minecraft:glow_berries":1,"minecraft:iron_bars":1,"minecraft:cobblestone":213,"minecraft:iron_door":2,"minecraft:golden_carrot":4,"minecraft:glow_ink_sac":3,"minecraft:andesite":3,"minecraft:black_bed":2,"minecraft:red_mushroom":3,"butchersdelight:deadpig":2,"minecraft:tuff":3,"create:raw_zinc":24,"minecraft:oak_log":49,"minecraft:gunpowder":1,"minecraft:lapis_lazuli":41,"minecraft:dirt":303,"minecraft:white_banner":1,"minecraft:name_tag":1,"minecraft:podzol":3,"minecraft:bone":6,"minecraft:apple":5,"minecraft:stone_bricks":1,"minecraft:bow":1,"minecraft:wheat_seeds":11,"minecraft:stone_pickaxe":1,"minecraft:iron_ingot":5,"minecraft:moss_block":1,"minecraft:iron_sword":1,"minecraft:flowering_azalea":4,"minecraft:axolotl_bucket":3,"minecraft:dandelion":7,"minecraft:gravel":5,"butchersdelight:cow_hide":2,"sophisticatedbackpacks:iron_backpack":1,"minecraft:grass_block":8,"minecraft:dark_oak_log":147,"minecraft:iron_hoe":1,"minecraft:diamond":11,"minecraft:crossbow":1,"minecraft:granite":23,"minecraft:emerald":9,"minecraft:oak_sapling":27,"minecraft:light_gray_carpet":1,"minecraft:dark_oak_fence":10,"minecraft:coal":25,"minecraft:ender_pearl":1},"minecraft:killed":{"minecraft:spider":1,"minecraft:skeleton":2,"minecraft:drowned":1,"minecraft:iron_golem":1,"minecraft:pillager":11,"minecraft:zombie":5,"minecraft:enderman":2},"minecraft:custom":{"minecraft:mob_kills":25,"minecraft:interact_with_crafting_table":16,"minecraft:damage_dealt_resisted":375,"minecraft:leave_game":13,"minecraft:time_since_death":73486,"minecraft:climb_one_cm":9011,"minecraft:sprint_one_cm":1576407,"minecraft:walk_one_cm":888877,"minecraft:drop":25,"minecraft:talked_to_villager":9,"minecraft:play_time":600291,"minecraft:deaths":28,"minecraft:sneak_time":25381,"minecraft:walk_under_water_one_cm":31824,"minecraft:jump":8677,"minecraft:interact_with_brewingstand":1,"minecraft:walk_on_water_one_cm":41958,"minecraft:total_world_time":600291,"minecraft:interact_with_furnace":1,"minecraft:interact_with_stonecutter":2,"minecraft:sleep_in_bed":16,"minecraft:time_since_rest":25757,"minecraft:damage_taken":17392,"minecraft:damage_dealt":5656,"minecraft:swim_one_cm":4030,"minecraft:player_kills":1,"minecraft:fly_one_cm":1746436,"minecraft:open_chest":29,"minecraft:crouch_one_cm":104687,"minecraft:fall_one_cm":301579},"minecraft:mined":{"minecraft:dark_oak_planks":6,"minecraft:deepslate_tiles":59,"minecraft:diamond_ore":1,"create:deepslate_zinc_ore":7,"minecraft:tuff":3,"minecraft:dark_oak_leaves":6,"minecraft:deepslate_diamond_ore":10,"minecraft:sculk_vein":14,"minecraft:dark_oak_log":169,"minecraft:sea_lantern":3,"minecraft:brewing_stand":1,"minecraft:glow_lichen":1,"gravestone:gravestone":28,"minecraft:granite":23,"minecraft:dark_oak_fence":10,"minecraft:grass_block":303,"minecraft:spruce_leaves":4,"minecraft:moss_block":1,"minecraft:large_fern":5,"minecraft:sculk_catalyst":1,"minecraft:iron_ore":37,"minecraft:sticky_piston":2,"minecraft:andesite":3,"minecraft:deepslate_lapis_ore":5,"minecraft:cave_vines":3,"minecraft:iron_bars":1,"minecraft:stone":228,"minecraft:redstone_wall_torch":1,"minecraft:podzol":3,"minecraft:light_gray_carpet":1,"minecraft:flowering_azalea":4,"minecraft:infested_stone_bricks":1,"minecraft:dandelion":3,"minecraft:powder_snow":64,"minecraft:crafting_table":3,"minecraft:emerald_ore":9,"minecraft:mushroom_stem":6,"minecraft:tall_grass":18,"minecraft:copper_ore":2,"minecraft:cobblestone":11,"minecraft:sugar_cane":2,"endofherobrine:mossy_stone_bricks":26,"minecraft:sculk":239,"minecraft:diorite":22,"minecraft:iron_door":1,"butchersdelight:deadcowblock":1,"minecraft:redstone_torch":1,"minecraft:white_carpet":6,"minecraft:black_bed":2,"minecraft:grass":40,"minecraft:oak_log":49,"minecraft:coal_ore":25,"minecraft:gravel":6,"minecraft:dirt":103,"minecraft:cracked_stone_bricks":17,"minecraft:red_mushroom_block":5,"minecraft:stone_bricks":1,"minecraft:oak_leaves":22,"minecraft:deepslate":22,"minecraft:fern":2,"create:zinc_ore":17},"minecraft:killed_by":{"minecraft:creeper":4,"minecraft:pillager":5,"minecraft:enderman":3,"minecraft:skeleton":2,"minecraft:zombie":1,"endofherobrine:pigman":2},"minecraft:used":{"minecraft:iron_shovel":269,"minecraft:chest":4,"minecraft:stone":40,"minecraft:iron_sword":172,"minecraft:rotten_flesh":1,"minecraft:dirt":801,"minecraft:golden_shovel":34,"minecraft:dark_oak_planks":154,"minecraft:iron_hoe":250,"minecraft:wooden_axe":50,"minecraft:iron_axe":116,"minecraft:grass_block":2,"minecraft:repeater":5,"minecraft:golden_sword":31,"minecraft:golden_carrot":12,"minecraft:goat_horn":1,"minecraft:egg":1,"minecraft:potato":1,"minecraft:golden_axe":21,"minecraft:water_bucket":2,"minecraft:stone_pickaxe":124,"minecraft:wooden_pickaxe":34,"minecraft:stonecutter":1,"minecraft:diamond_axe":74,"minecraft:glow_berries":1,"minecraft:crafting_table":6,"minecraft:black_bed":3,"minecraft:redstone_torch":5,"minecraft:deepslate_tiles":148,"minecraft:sticky_piston":12,"minecraft:diamond_pickaxe":47,"minecraft:bread":40,"minecraft:iron_pickaxe":411,"minecraft:stone_axe":134,"minecraft:cobblestone":32,"minecraft:dark_oak_fence":2,"minecraft:bucket":2,"minecraft:golden_pickaxe":6,"minecraft:experience_bottle":1},"minecraft:dropped":{"minecraft:iron_sword":1,"minecraft:diamond":3,"minecraft:coal":1,"minecraft:dirt":19,"gravestone:obituary":10,"butchersdelight:deadpig":1,"minecraft:dandelion":1,"hangglider:hang_glider":1,"minecraft:rotten_flesh":5,"minecraft:iron_hoe":1,"sophisticatedbackpacks:backpack":1,"minecraft:wooden_pickaxe":1,"minecraft:stone_pickaxe":1,"sophisticatedbackpacks:iron_backpack":1}},"DataVersion":3465}