{"stats":{"minecraft:picked_up":{"minecraft:arrow":2,"minecraft:rotten_flesh":1,"gravestone:obituary":1,"minecraft:dirt":12},"minecraft:killed":{"minecraft:skeleton":1},"minecraft:custom":{"minecraft:time_since_rest":2949,"minecraft:crouch_one_cm":95,"minecraft:sprint_one_cm":52801,"minecraft:play_time":37826,"minecraft:damage_taken":535,"minecraft:deaths":2,"minecraft:walk_one_cm":18269,"minecraft:sneak_time":19,"minecraft:mob_kills":1,"minecraft:drop":1,"minecraft:jump":116,"minecraft:damage_dealt":198,"minecraft:leave_game":6,"minecraft:time_since_death":1634,"minecraft:total_world_time":37826,"minecraft:fall_one_cm":2948,"minecraft:fly_one_cm":17523},"minecraft:mined":{"gravestone:gravestone":1,"minecraft:grass_block":4,"minecraft:dirt":8},"minecraft:killed_by":{"minecraft:creeper":2},"minecraft:used":{"minecraft:rotten_flesh":1,"minecraft:dirt":11},"minecraft:dropped":{"gravestone:obituary":1}},"DataVersion":3465}