{"stats":{"minecraft:picked_up":{"gravestone:obituary":1,"minecraft:rotten_flesh":1},"minecraft:custom":{"minecraft:time_since_rest":4553,"minecraft:damage_taken":335,"minecraft:leave_game":3,"minecraft:crouch_one_cm":95,"minecraft:time_since_death":3730,"minecraft:play_time":7612,"minecraft:sprint_one_cm":26430,"minecraft:walk_one_cm":6133,"minecraft:deaths":1,"minecraft:sneak_time":19,"minecraft:total_world_time":7612,"minecraft:fall_one_cm":1924,"minecraft:drop":1,"minecraft:fly_one_cm":11257,"minecraft:jump":56},"minecraft:killed_by":{"minecraft:creeper":1},"minecraft:dropped":{"gravestone:obituary":1},"minecraft:mined":{"gravestone:gravestone":1}},"DataVersion":3465}