{"stats":{"minecraft:crafted":{"minecraft:oak_planks":4,"minecraft:leather_boots":1,"minecraft:furnace":1,"sophisticatedbackpacks:crafting_upgrade":1,"minecraft:dark_oak_door":3,"minecraft:iron_axe":1,"minecraft:stone_pickaxe":1,"minecraft:chest":1,"minecraft:dark_oak_planks":360,"minecraft:crafting_table":4,"minecraft:wooden_pickaxe":1,"minecraft:iron_sword":1,"minecraft:stone_axe":1,"sophisticatedbackpacks:upgrade_base":1,"minecraft:air":0,"minecraft:stick":108,"minecraft:iron_ingot":2,"minecraft:iron_pickaxe":1,"minecraft:wooden_axe":1,"minecraft:iron_shovel":6},"minecraft:mined":{"minecraft:dark_oak_planks":6,"create:zinc_ore":17,"minecraft:deepslate_tiles":57,"minecraft:diamond_ore":1,"create:deepslate_zinc_ore":7,"minecraft:tuff":3,"minecraft:dark_oak_leaves":6,"minecraft:deepslate_diamond_ore":10,"minecraft:sculk_vein":14,"minecraft:dark_oak_log":169,"minecraft:sea_lantern":1,"minecraft:brewing_stand":1,"minecraft:glow_lichen":1,"minecraft:dark_oak_fence":10,"gravestone:gravestone":23,"minecraft:granite":23,"minecraft:grass_block":286,"minecraft:spruce_leaves":4,"minecraft:moss_block":1,"minecraft:large_fern":5,"minecraft:sculk_catalyst":1,"minecraft:iron_ore":37,"minecraft:andesite":3,"minecraft:deepslate_lapis_ore":5,"minecraft:cave_vines":3,"minecraft:iron_bars":1,"minecraft:stone":192,"minecraft:podzol":3,"minecraft:light_gray_carpet":1,"minecraft:flowering_azalea":4,"minecraft:infested_stone_bricks":1,"minecraft:dandelion":1,"minecraft:powder_snow":64,"minecraft:crafting_table":3,"minecraft:emerald_ore":9,"minecraft:mushroom_stem":6,"minecraft:copper_ore":2,"minecraft:tall_grass":18,"minecraft:cobblestone":3,"endofherobrine:mossy_stone_bricks":9,"minecraft:sugar_cane":2,"minecraft:sculk":239,"minecraft:diorite":22,"minecraft:iron_door":1,"butchersdelight:deadcowblock":1,"minecraft:redstone_torch":1,"minecraft:white_carpet":6,"minecraft:black_bed":2,"minecraft:grass":33,"minecraft:coal_ore":25,"minecraft:oak_log":49,"minecraft:dirt":89,"minecraft:gravel":6,"minecraft:cracked_stone_bricks":1,"minecraft:red_mushroom_block":5,"minecraft:stone_bricks":1,"minecraft:oak_leaves":22,"minecraft:deepslate":22,"minecraft:fern":2},"minecraft:used":{"minecraft:iron_shovel":247,"minecraft:chest":2,"minecraft:stone":40,"minecraft:iron_sword":172,"minecraft:rotten_flesh":1,"minecraft:dirt":737,"minecraft:golden_shovel":34,"minecraft:iron_hoe":250,"minecraft:wooden_axe":50,"minecraft:dark_oak_planks":154,"minecraft:grass_block":2,"minecraft:iron_axe":86,"minecraft:golden_sword":31,"minecraft:golden_carrot":12,"minecraft:goat_horn":1,"minecraft:egg":1,"minecraft:potato":1,"minecraft:golden_axe":21,"minecraft:water_bucket":2,"minecraft:stone_pickaxe":124,"minecraft:wooden_pickaxe":34,"minecraft:stonecutter":1,"minecraft:glow_berries":1,"minecraft:crafting_table":6,"minecraft:black_bed":2,"minecraft:deepslate_tiles":131,"minecraft:bread":11,"minecraft:iron_pickaxe":372,"minecraft:stone_axe":134,"minecraft:cobblestone":10,"minecraft:dark_oak_fence":2,"minecraft:bucket":2,"minecraft:golden_pickaxe":6,"minecraft:experience_bottle":1},"minecraft:dropped":{"minecraft:coal":1,"minecraft:dirt":19,"gravestone:obituary":10,"butchersdelight:deadpig":1,"minecraft:dandelion":1,"minecraft:iron_hoe":1,"sophisticatedbackpacks:backpack":1,"minecraft:stone_pickaxe":1,"minecraft:wooden_pickaxe":1},"minecraft:killed":{"minecraft:spider":1,"minecraft:skeleton":2,"minecraft:iron_golem":1,"minecraft:pillager":11,"minecraft:zombie":2},"minecraft:broken":{"minecraft:golden_shovel":1,"minecraft:stone_pickaxe":1,"minecraft:golden_sword":1,"minecraft:stone_axe":1,"minecraft:wooden_axe":1,"minecraft:iron_hoe":1},"minecraft:custom":{"minecraft:mob_kills":19,"minecraft:interact_with_crafting_table":16,"minecraft:damage_dealt_resisted":111,"minecraft:leave_game":10,"minecraft:time_since_death":37416,"minecraft:climb_one_cm":8148,"minecraft:sprint_one_cm":1134768,"minecraft:walk_one_cm":671528,"minecraft:drop":18,"minecraft:talked_to_villager":3,"minecraft:play_time":446913,"minecraft:deaths":23,"minecraft:sneak_time":23664,"minecraft:walk_under_water_one_cm":30603,"minecraft:jump":6687,"minecraft:interact_with_brewingstand":1,"minecraft:walk_on_water_one_cm":41380,"minecraft:total_world_time":446913,"minecraft:interact_with_furnace":1,"minecraft:interact_with_stonecutter":2,"minecraft:sleep_in_bed":10,"minecraft:time_since_rest":37445,"minecraft:damage_taken":12363,"minecraft:damage_dealt":3828,"minecraft:swim_one_cm":4030,"minecraft:fly_one_cm":1204155,"minecraft:open_chest":16,"minecraft:crouch_one_cm":99956,"minecraft:fall_one_cm":246103},"minecraft:picked_up":{"minecraft:crafting_table":3,"minecraft:lead":1,"minecraft:wooden_pickaxe":1,"gravestone:obituary":6,"minecraft:brewing_stand":1,"minecraft:raw_copper":5,"minecraft:moss_carpet":14,"minecraft:white_carpet":6,"butchersdelight:dead_cow":1,"minecraft:beetroot":3,"minecraft:cracked_stone_bricks":1,"minecraft:deepslate_tiles":57,"minecraft:cobbled_deepslate":22,"minecraft:redstone_torch":1,"minecraft:sugar_cane":5,"minecraft:egg":2,"minecraft:raw_iron":36,"minecraft:dark_oak_sapling":5,"minecraft:stick":12,"minecraft:big_dripleaf":1,"sophisticatedbackpacks:backpack":1,"minecraft:diorite":22,"minecraft:prismarine_crystals":2,"minecraft:dark_oak_planks":6,"minecraft:arrow":6,"minecraft:rotten_flesh":11,"minecraft:glow_berries":1,"minecraft:iron_bars":1,"minecraft:cobblestone":169,"minecraft:iron_door":1,"minecraft:golden_carrot":4,"minecraft:glow_ink_sac":3,"minecraft:andesite":3,"minecraft:black_bed":2,"minecraft:red_mushroom":3,"butchersdelight:deadpig":2,"minecraft:tuff":3,"create:raw_zinc":24,"minecraft:oak_log":49,"minecraft:lapis_lazuli":41,"minecraft:dirt":246,"minecraft:white_banner":1,"minecraft:podzol":3,"minecraft:bone":3,"minecraft:apple":5,"minecraft:stone_bricks":1,"minecraft:wheat_seeds":6,"minecraft:iron_ingot":5,"minecraft:stone_pickaxe":1,"minecraft:moss_block":1,"minecraft:flowering_azalea":4,"minecraft:dandelion":2,"minecraft:axolotl_bucket":2,"minecraft:gravel":5,"minecraft:grass_block":7,"minecraft:dark_oak_log":147,"minecraft:iron_hoe":1,"minecraft:diamond":11,"minecraft:granite":23,"minecraft:emerald":9,"minecraft:oak_sapling":27,"minecraft:light_gray_carpet":1,"minecraft:coal":25,"minecraft:dark_oak_fence":10},"minecraft:killed_by":{"minecraft:creeper":4,"minecraft:pillager":5,"minecraft:skeleton":1,"minecraft:zombie":1,"endofherobrine:pigman":2}},"DataVersion":3465}