{"stats":{"minecraft:mined":{"gravestone:gravestone":1,"minecraft:grass_block":1,"minecraft:dirt":2},"minecraft:used":{"minecraft:dirt":1},"minecraft:dropped":{"gravestone:obituary":1},"minecraft:custom":{"minecraft:time_since_rest":10522,"minecraft:damage_taken":435,"minecraft:leave_game":4,"minecraft:crouch_one_cm":95,"minecraft:play_time":13581,"minecraft:time_since_death":9699,"minecraft:sprint_one_cm":38234,"minecraft:walk_one_cm":7948,"minecraft:deaths":1,"minecraft:sneak_time":19,"minecraft:total_world_time":13581,"minecraft:fall_one_cm":2737,"minecraft:drop":1,"minecraft:fly_one_cm":14137,"minecraft:jump":72},"minecraft:picked_up":{"gravestone:obituary":1,"minecraft:rotten_flesh":1,"minecraft:dirt":3},"minecraft:killed_by":{"minecraft:creeper":1}},"DataVersion":3465}