{"stats":{"minecraft:crafted":{"minecraft:oak_planks":4,"minecraft:leather_boots":1,"minecraft:crafting_table":4,"minecraft:wooden_pickaxe":1,"minecraft:iron_sword":1,"minecraft:furnace":1,"sophisticatedbackpacks:crafting_upgrade":1,"sophisticatedbackpacks:upgrade_base":1,"minecraft:stone_axe":1,"minecraft:dark_oak_door":3,"minecraft:iron_axe":1,"minecraft:stick":108,"minecraft:iron_ingot":2,"minecraft:iron_pickaxe":1,"minecraft:stone_pickaxe":1,"minecraft:wooden_axe":1,"minecraft:iron_shovel":3,"minecraft:chest":1,"minecraft:dark_oak_planks":104},"minecraft:mined":{"minecraft:podzol":3,"minecraft:light_gray_carpet":1,"minecraft:flowering_azalea":4,"minecraft:dark_oak_leaves":6,"minecraft:deepslate_diamond_ore":2,"minecraft:infested_stone_bricks":1,"minecraft:dark_oak_log":169,"minecraft:dandelion":1,"minecraft:powder_snow":64,"minecraft:brewing_stand":1,"minecraft:crafting_table":3,"minecraft:granite":5,"gravestone:gravestone":19,"minecraft:dark_oak_fence":10,"minecraft:emerald_ore":4,"minecraft:grass_block":37,"minecraft:mushroom_stem":6,"minecraft:tall_grass":16,"minecraft:cobblestone":3,"minecraft:spruce_leaves":4,"minecraft:sugar_cane":2,"minecraft:moss_block":1,"minecraft:large_fern":5,"minecraft:sculk_catalyst":1,"minecraft:redstone_torch":1,"minecraft:iron_ore":35,"minecraft:white_carpet":6,"minecraft:black_bed":2,"minecraft:grass":32,"minecraft:oak_log":49,"minecraft:coal_ore":25,"minecraft:cave_vines":3,"minecraft:iron_bars":1,"minecraft:gravel":1,"minecraft:dirt":61,"minecraft:deepslate":10,"minecraft:red_mushroom_block":5,"minecraft:stone_bricks":1,"minecraft:stone":77,"minecraft:oak_leaves":20,"minecraft:fern":2},"minecraft:used":{"minecraft:water_bucket":2,"minecraft:iron_shovel":3,"minecraft:stone_pickaxe":124,"minecraft:chest":2,"minecraft:wooden_pickaxe":34,"minecraft:iron_sword":172,"minecraft:rotten_flesh":1,"minecraft:glow_berries":1,"minecraft:dirt":611,"minecraft:crafting_table":6,"minecraft:golden_shovel":34,"minecraft:black_bed":2,"minecraft:wooden_axe":50,"minecraft:dark_oak_planks":12,"minecraft:iron_axe":74,"minecraft:bread":8,"minecraft:iron_pickaxe":52,"minecraft:stone_axe":134,"minecraft:golden_sword":31,"minecraft:golden_carrot":12,"minecraft:cobblestone":8,"minecraft:goat_horn":1,"minecraft:dark_oak_fence":2,"minecraft:bucket":2,"minecraft:potato":1,"minecraft:golden_pickaxe":6,"minecraft:golden_axe":21,"minecraft:experience_bottle":1},"minecraft:dropped":{"sophisticatedbackpacks:backpack":1,"minecraft:coal":1,"minecraft:dirt":19,"gravestone:obituary":9,"minecraft:wooden_pickaxe":1,"minecraft:stone_pickaxe":1,"butchersdelight:deadpig":1,"minecraft:dandelion":1},"minecraft:killed":{"minecraft:spider":1,"minecraft:skeleton":2,"minecraft:pillager":11,"minecraft:zombie":1},"minecraft:broken":{"minecraft:stone_pickaxe":1,"minecraft:golden_sword":1,"minecraft:stone_axe":1,"minecraft:wooden_axe":1,"minecraft:golden_shovel":1},"minecraft:custom":{"minecraft:interact_with_furnace":1,"minecraft:mob_kills":17,"minecraft:interact_with_crafting_table":16,"minecraft:damage_dealt_resisted":111,"minecraft:leave_game":9,"minecraft:time_since_death":165199,"minecraft:sleep_in_bed":7,"minecraft:climb_one_cm":7907,"minecraft:time_since_rest":59184,"minecraft:sprint_one_cm":815372,"minecraft:damage_taken":8114,"minecraft:walk_one_cm":459473,"minecraft:drop":16,"minecraft:damage_dealt":3578,"minecraft:talked_to_villager":3,"minecraft:swim_one_cm":2212,"minecraft:fly_one_cm":835764,"minecraft:open_chest":7,"minecraft:crouch_one_cm":51254,"minecraft:play_time":307123,"minecraft:deaths":19,"minecraft:sneak_time":11838,"minecraft:walk_under_water_one_cm":10583,"minecraft:interact_with_brewingstand":1,"minecraft:jump":4793,"minecraft:walk_on_water_one_cm":31796,"minecraft:total_world_time":307123,"minecraft:fall_one_cm":178327},"minecraft:picked_up":{"minecraft:crafting_table":3,"minecraft:golden_carrot":4,"minecraft:black_bed":2,"minecraft:red_mushroom":3,"minecraft:wooden_pickaxe":1,"butchersdelight:deadpig":2,"minecraft:oak_log":49,"gravestone:obituary":6,"minecraft:brewing_stand":1,"minecraft:dirt":176,"minecraft:white_banner":1,"minecraft:moss_carpet":14,"minecraft:podzol":3,"minecraft:white_carpet":6,"minecraft:bone":2,"minecraft:apple":5,"minecraft:stone_bricks":1,"minecraft:wheat_seeds":6,"minecraft:cobbled_deepslate":10,"minecraft:redstone_torch":1,"minecraft:stone_pickaxe":1,"minecraft:moss_block":1,"minecraft:sugar_cane":5,"minecraft:flowering_azalea":4,"minecraft:egg":1,"minecraft:dark_oak_sapling":5,"minecraft:stick":12,"minecraft:raw_iron":34,"minecraft:big_dripleaf":1,"minecraft:dandelion":2,"minecraft:axolotl_bucket":2,"sophisticatedbackpacks:backpack":1,"minecraft:grass_block":7,"minecraft:dark_oak_log":147,"minecraft:arrow":4,"minecraft:diamond":2,"minecraft:rotten_flesh":5,"minecraft:granite":5,"minecraft:emerald":4,"minecraft:iron_bars":1,"minecraft:light_gray_carpet":1,"minecraft:oak_sapling":27,"minecraft:glow_berries":1,"minecraft:dark_oak_fence":10,"minecraft:coal":25,"minecraft:cobblestone":77},"minecraft:killed_by":{"minecraft:skeleton":1,"minecraft:creeper":4,"minecraft:zombie":1,"minecraft:pillager":5,"endofherobrine:pigman":2}},"DataVersion":3465}