{"stats":{"minecraft:crafted":{"hangglider:glider_framework":2,"minecraft:oak_planks":56,"minecraft:stone_shovel":1,"minecraft:iron_nugget":27,"hangglider:hang_glider":1,"minecraft:furnace":1,"minecraft:diamond_shovel":1,"hangglider:glider_wing":2,"minecraft:iron_axe":1,"minecraft:ladder":123,"minecraft:stone_pickaxe":3,"minecraft:dark_oak_planks":300,"minecraft:wheat":126,"butchersdelight:hook":3,"minecraft:crafting_table":8,"minecraft:wooden_pickaxe":3,"butchersdelight:cleaver":1,"minecraft:stone_axe":4,"minecraft:bread":42,"minecraft:air":0,"minecraft:diamond_pickaxe":1,"minecraft:stick":336,"minecraft:iron_ingot":22,"minecraft:iron_pickaxe":1,"minecraft:wooden_axe":2,"minecraft:stone_sword":1,"minecraft:music_disc_5":1,"minecraft:torch":32},"minecraft:mined":{"minecraft:deepslate_tiles":1,"alexscaves:spelunkery_table":1,"minecraft:tuff":3,"minecraft:farmland":1,"minecraft:mossy_cobblestone":8,"minecraft:deepslate_diamond_ore":5,"minecraft:oak_door":2,"minecraft:cobblestone_stairs":4,"minecraft:sculk_vein":1,"minecraft:dark_oak_log":138,"minecraft:sea_lantern":1,"gravestone:gravestone":11,"minecraft:ladder":1,"minecraft:cave_vines_plant":5,"minecraft:dark_oak_fence":2,"minecraft:grass_block":30,"minecraft:spruce_leaves":1,"minecraft:moss_block":9,"minecraft:composter":1,"minecraft:hay_block":14,"minecraft:carrots":58,"minecraft:iron_ore":44,"minecraft:moss_carpet":1,"minecraft:azure_bluet":1,"minecraft:water_cauldron":1,"minecraft:potatoes":10,"minecraft:cave_vines":12,"minecraft:deepslate_iron_ore":24,"minecraft:oak_stairs":70,"minecraft:packed_ice":6,"minecraft:azalea":1,"minecraft:stone":434,"minecraft:soul_wall_torch":1,"minecraft:flowering_azalea":1,"minecraft:glass_pane":4,"minecraft:dandelion":3,"minecraft:powder_snow":40,"minecraft:torch":1,"minecraft:note_block":2,"minecraft:emerald_ore":1,"minecraft:chest":1,"minecraft:white_stained_glass_pane":1,"minecraft:mushroom_stem":3,"minecraft:tall_grass":5,"minecraft:cobblestone":68,"minecraft:sugar_cane":17,"minecraft:oak_planks":8,"endofherobrine:mossy_stone_bricks":7,"minecraft:sculk":3,"minecraft:wall_torch":3,"minecraft:big_dripleaf":1,"minecraft:skeleton_skull":2,"minecraft:gray_wool":1,"butchersdelight:deadcowblock":5,"minecraft:wheat":58,"minecraft:birch_leaves":3,"minecraft:tnt":2,"minecraft:yellow_bed":1,"minecraft:yellow_stained_glass_pane":1,"minecraft:grass":85,"minecraft:oak_log":210,"minecraft:coal_ore":11,"minecraft:beetroots":14,"minecraft:gravel":9,"minecraft:dirt":9,"minecraft:cracked_stone_bricks":3,"minecraft:red_mushroom_block":1,"minecraft:small_dripleaf":1,"minecraft:oak_leaves":24,"minecraft:deepslate":4},"minecraft:used":{"minecraft:moss_carpet":5,"minecraft:stone_sword":19,"minecraft:stone_shovel":6,"minecraft:poppy":2,"minecraft:ladder":46,"minecraft:chest":1,"butchersdelight:hook":3,"minecraft:torch":15,"minecraft:dirt":32,"minecraft:carrot":22,"minecraft:tuff":4,"minecraft:dark_oak_planks":6,"minecraft:wooden_axe":7,"minecraft:flowering_azalea":1,"butchersdelight:cleaver":18,"minecraft:iron_axe":226,"minecraft:oak_stairs":1,"minecraft:sweet_berries":4,"minecraft:oak_sapling":1,"minecraft:furnace":1,"minecraft:egg":2,"minecraft:cobbled_deepslate":1,"minecraft:water_bucket":1,"minecraft:stone_pickaxe":219,"minecraft:oak_planks":8,"minecraft:wooden_pickaxe":26,"minecraft:leather_boots":1,"minecraft:glow_berries":18,"minecraft:mossy_cobblestone":6,"minecraft:crafting_table":8,"minecraft:oak_log":154,"minecraft:diamond_pickaxe":357,"minecraft:apple":2,"minecraft:diamond_shovel":21,"minecraft:dark_oak_log":26,"minecraft:bread":29,"minecraft:iron_pickaxe":50,"minecraft:gravel":4,"minecraft:stone_axe":311,"minecraft:cobblestone":368,"minecraft:dark_oak_fence":2,"minecraft:yellow_bed":1,"minecraft:bone_meal":1,"minecraft:soul_torch":14},"minecraft:dropped":{"minecraft:iron_ingot":2,"minecraft:wheat_seeds":1,"minecraft:book":2,"minecraft:dark_oak_log":2,"gravestone:obituary":17,"minecraft:string":1,"minecraft:cauldron":1,"minecraft:dandelion":3,"minecraft:oak_door":2,"minecraft:beetroot":8,"minecraft:potato":11,"minecraft:beetroot_seeds":8,"minecraft:oak_sapling":1},"minecraft:killed":{"minecraft:spider":1,"minecraft:skeleton":3,"minecraft:horse":3,"minecraft:axolotl":1,"minecraft:iron_golem":1,"minecraft:creeper":1,"minecraft:sheep":4,"minecraft:zombie":1},"minecraft:broken":{"minecraft:stone_axe":2},"minecraft:custom":{"minecraft:mob_kills":17,"minecraft:interact_with_crafting_table":32,"minecraft:open_barrel":2,"minecraft:leave_game":25,"minecraft:time_since_death":3629,"minecraft:climb_one_cm":10869,"minecraft:sprint_one_cm":1378938,"minecraft:walk_one_cm":607112,"minecraft:drop":37,"minecraft:play_noteblock":2,"minecraft:damage_dealt_absorbed":80,"minecraft:talked_to_villager":5,"minecraft:play_time":323649,"minecraft:deaths":19,"minecraft:sneak_time":14157,"minecraft:walk_under_water_one_cm":40207,"minecraft:jump":8415,"minecraft:walk_on_water_one_cm":61493,"minecraft:total_world_time":323649,"minecraft:interact_with_furnace":6,"minecraft:sleep_in_bed":10,"minecraft:time_since_rest":3676,"minecraft:damage_taken":9964,"minecraft:damage_dealt":6017,"minecraft:swim_one_cm":56081,"minecraft:fly_one_cm":1588609,"minecraft:open_chest":55,"minecraft:crouch_one_cm":45274,"minecraft:fall_one_cm":315238},"minecraft:picked_up":{"minecraft:wheat":19,"minecraft:ladder":1,"minecraft:oak_stairs":70,"gravestone:obituary":1,"minecraft:moss_carpet":7,"minecraft:string":3,"butchersdelight:dead_cow":15,"minecraft:beetroot":8,"minecraft:cobbled_deepslate":4,"minecraft:beef":26,"minecraft:redstone_torch":1,"minecraft:azalea":1,"minecraft:poppy":2,"minecraft:sugar_cane":40,"minecraft:chest":1,"minecraft:egg":5,"minecraft:dark_oak_sapling":4,"minecraft:stick":46,"minecraft:raw_iron":67,"minecraft:oak_door":2,"minecraft:big_dripleaf":3,"minecraft:composter":1,"minecraft:torch":7,"minecraft:note_block":2,"sophisticatedbackpacks:backpack":1,"minecraft:carrot":102,"minecraft:cauldron":1,"minecraft:tnt":2,"butchersdelight:deadsheep":4,"minecraft:arrow":6,"minecraft:rotten_flesh":2,"minecraft:tropical_fish":1,"minecraft:beetroot_seeds":26,"minecraft:hay_block":14,"alexscaves:spelunkery_table":1,"sophisticatedbackpacks:copper_backpack":1,"minecraft:glow_berries":3,"minecraft:cobblestone":499,"minecraft:skeleton_skull":2,"minecraft:white_wool":4,"minecraft:leather":5,"minecraft:potato":28,"minecraft:tuff":4,"minecraft:oak_log":194,"minecraft:yellow_bed":1,"minecraft:cobblestone_stairs":4,"minecraft:dirt":62,"minecraft:bone":14,"minecraft:apple":11,"minecraft:wheat_seeds":106,"minecraft:iron_ingot":5,"minecraft:moss_block":9,"minecraft:flowering_azalea":2,"minecraft:oak_planks":8,"minecraft:book":2,"minecraft:sweet_berries":4,"minecraft:dandelion":3,"butchersdelight:cow_hide":3,"minecraft:gravel":9,"sophisticatedbackpacks:iron_backpack":1,"minecraft:soul_torch":2,"minecraft:dark_oak_log":146,"minecraft:spider_eye":1,"minecraft:mossy_cobblestone":8,"minecraft:diamond":5,"minecraft:bone_meal":1,"minecraft:emerald":1,"minecraft:oak_sapling":72,"minecraft:dark_oak_fence":2,"minecraft:coal":11},"minecraft:killed_by":{"minecraft:skeleton":4,"minecraft:zombie":2}},"DataVersion":3465}