{"stats":{"minecraft:crafted":{"minecraft:oak_planks":56,"minecraft:stone_shovel":1,"minecraft:furnace":1,"minecraft:diamond_shovel":1,"hangglider:glider_wing":1,"minecraft:iron_axe":1,"minecraft:ladder":123,"minecraft:stone_pickaxe":3,"minecraft:dark_oak_planks":300,"minecraft:crafting_table":8,"minecraft:wooden_pickaxe":3,"minecraft:stone_axe":4,"minecraft:air":0,"minecraft:diamond_pickaxe":1,"minecraft:stick":336,"minecraft:iron_ingot":22,"minecraft:iron_pickaxe":1,"minecraft:wooden_axe":2,"minecraft:stone_sword":1,"minecraft:music_disc_5":1,"minecraft:torch":32},"minecraft:mined":{"minecraft:deepslate_tiles":1,"alexscaves:spelunkery_table":1,"minecraft:tuff":3,"minecraft:farmland":1,"minecraft:mossy_cobblestone":8,"minecraft:deepslate_diamond_ore":5,"minecraft:oak_door":2,"minecraft:cobblestone_stairs":4,"minecraft:sculk_vein":1,"minecraft:dark_oak_log":138,"gravestone:gravestone":9,"minecraft:ladder":1,"minecraft:cave_vines_plant":5,"minecraft:grass_block":23,"minecraft:spruce_leaves":1,"minecraft:composter":1,"minecraft:moss_block":9,"minecraft:carrots":25,"minecraft:iron_ore":44,"minecraft:moss_carpet":1,"minecraft:potatoes":7,"minecraft:cave_vines":12,"minecraft:deepslate_iron_ore":24,"minecraft:oak_stairs":70,"minecraft:packed_ice":6,"minecraft:azalea":1,"minecraft:stone":434,"minecraft:soul_wall_torch":1,"minecraft:flowering_azalea":1,"minecraft:glass_pane":4,"minecraft:dandelion":3,"minecraft:powder_snow":40,"minecraft:torch":1,"minecraft:note_block":2,"minecraft:emerald_ore":1,"minecraft:chest":1,"minecraft:mushroom_stem":3,"minecraft:tall_grass":4,"minecraft:cobblestone":67,"minecraft:sugar_cane":11,"minecraft:oak_planks":8,"minecraft:sculk":3,"minecraft:wall_torch":3,"minecraft:big_dripleaf":1,"minecraft:skeleton_skull":2,"minecraft:gray_wool":1,"butchersdelight:deadcowblock":2,"minecraft:wheat":37,"minecraft:birch_leaves":3,"minecraft:tnt":2,"minecraft:yellow_bed":1,"minecraft:grass":46,"minecraft:oak_log":200,"minecraft:coal_ore":11,"minecraft:beetroots":9,"minecraft:gravel":9,"minecraft:dirt":8,"minecraft:red_mushroom_block":1,"minecraft:small_dripleaf":1,"minecraft:oak_leaves":21,"minecraft:deepslate":4},"minecraft:used":{"minecraft:moss_carpet":5,"minecraft:stone_sword":19,"minecraft:stone_shovel":6,"minecraft:ladder":46,"minecraft:chest":1,"minecraft:torch":15,"minecraft:dirt":10,"minecraft:carrot":22,"minecraft:tuff":4,"minecraft:dark_oak_planks":6,"minecraft:wooden_axe":7,"minecraft:flowering_azalea":1,"minecraft:iron_axe":159,"minecraft:oak_sapling":1,"minecraft:furnace":1,"minecraft:egg":2,"minecraft:cobbled_deepslate":1,"minecraft:water_bucket":1,"minecraft:stone_pickaxe":219,"minecraft:oak_planks":8,"minecraft:wooden_pickaxe":26,"minecraft:leather_boots":1,"minecraft:glow_berries":18,"minecraft:mossy_cobblestone":6,"minecraft:crafting_table":8,"minecraft:oak_log":143,"minecraft:diamond_pickaxe":342,"minecraft:apple":2,"minecraft:diamond_shovel":18,"minecraft:dark_oak_log":26,"minecraft:bread":8,"minecraft:iron_pickaxe":50,"minecraft:gravel":4,"minecraft:stone_axe":311,"minecraft:cobblestone":367,"minecraft:yellow_bed":1,"minecraft:bone_meal":1,"minecraft:soul_torch":14},"minecraft:dropped":{"minecraft:wheat_seeds":1,"minecraft:book":2,"minecraft:dark_oak_log":2,"gravestone:obituary":16,"minecraft:string":1,"minecraft:dandelion":3,"minecraft:oak_door":2,"minecraft:oak_sapling":1},"minecraft:killed":{"minecraft:spider":1,"minecraft:skeleton":3,"minecraft:axolotl":1,"minecraft:creeper":1,"minecraft:sheep":4,"minecraft:zombie":1},"minecraft:broken":{"minecraft:stone_axe":2},"minecraft:custom":{"minecraft:mob_kills":11,"minecraft:interact_with_crafting_table":22,"minecraft:open_barrel":2,"minecraft:leave_game":22,"minecraft:time_since_death":109623,"minecraft:climb_one_cm":9168,"minecraft:sprint_one_cm":1026608,"minecraft:walk_one_cm":481682,"minecraft:drop":26,"minecraft:play_noteblock":2,"minecraft:damage_dealt_absorbed":80,"minecraft:talked_to_villager":1,"minecraft:play_time":226846,"minecraft:deaths":17,"minecraft:sneak_time":12048,"minecraft:walk_under_water_one_cm":37343,"minecraft:jump":6066,"minecraft:walk_on_water_one_cm":53788,"minecraft:total_world_time":226846,"minecraft:interact_with_furnace":6,"minecraft:sleep_in_bed":7,"minecraft:time_since_rest":15004,"minecraft:damage_taken":8315,"minecraft:damage_dealt":2704,"minecraft:swim_one_cm":39875,"minecraft:fly_one_cm":958518,"minecraft:open_chest":33,"minecraft:crouch_one_cm":37740,"minecraft:fall_one_cm":235996},"minecraft:picked_up":{"minecraft:wheat":5,"minecraft:ladder":1,"minecraft:oak_stairs":70,"gravestone:obituary":1,"minecraft:moss_carpet":7,"minecraft:string":3,"butchersdelight:dead_cow":4,"minecraft:cobbled_deepslate":4,"minecraft:azalea":1,"minecraft:sugar_cane":28,"minecraft:chest":1,"minecraft:egg":4,"minecraft:dark_oak_sapling":4,"minecraft:raw_iron":67,"minecraft:stick":44,"minecraft:oak_door":2,"minecraft:composter":1,"minecraft:big_dripleaf":3,"minecraft:torch":7,"minecraft:note_block":2,"sophisticatedbackpacks:backpack":1,"minecraft:carrot":29,"minecraft:tnt":2,"butchersdelight:deadsheep":4,"minecraft:arrow":6,"minecraft:rotten_flesh":2,"minecraft:tropical_fish":1,"minecraft:beetroot_seeds":9,"alexscaves:spelunkery_table":1,"sophisticatedbackpacks:copper_backpack":1,"minecraft:glow_berries":3,"minecraft:skeleton_skull":2,"minecraft:white_wool":4,"minecraft:cobblestone":498,"minecraft:potato":7,"minecraft:tuff":4,"minecraft:oak_log":188,"minecraft:yellow_bed":1,"minecraft:cobblestone_stairs":4,"minecraft:dirt":57,"minecraft:bone":8,"minecraft:apple":11,"minecraft:wheat_seeds":54,"minecraft:moss_block":9,"minecraft:flowering_azalea":2,"minecraft:oak_planks":8,"minecraft:book":2,"minecraft:dandelion":3,"minecraft:gravel":9,"minecraft:soul_torch":2,"sophisticatedbackpacks:iron_backpack":1,"minecraft:spider_eye":1,"minecraft:dark_oak_log":146,"minecraft:mossy_cobblestone":8,"minecraft:diamond":5,"minecraft:bone_meal":1,"minecraft:emerald":1,"minecraft:oak_sapling":72,"minecraft:coal":11},"minecraft:killed_by":{"minecraft:skeleton":4,"minecraft:zombie":2}},"DataVersion":3465}