{"stats":{"minecraft:broken":{"minecraft:iron_axe":2,"minecraft:stone_axe":2},"minecraft:crafted":{"hangglider:glider_framework":2,"minecraft:oak_planks":56,"minecraft:stone_shovel":1,"minecraft:iron_nugget":27,"hangglider:hang_glider":1,"minecraft:furnace":2,"minecraft:diamond_shovel":1,"hangglider:glider_wing":2,"minecraft:iron_axe":3,"minecraft:ladder":123,"minecraft:iron_hoe":1,"minecraft:stone_pickaxe":3,"minecraft:dark_oak_planks":300,"minecraft:wheat":288,"minecraft:cooked_beef":16,"butchersdelight:hook":3,"minecraft:diamond_axe":1,"minecraft:crafting_table":8,"minecraft:wooden_pickaxe":3,"minecraft:hay_block":1,"butchersdelight:cleaver":1,"minecraft:stone_axe":4,"sophisticatedbackpacks:upgrade_base":1,"minecraft:bread":98,"minecraft:air":0,"minecraft:diamond_pickaxe":1,"minecraft:stick":336,"minecraft:iron_ingot":44,"minecraft:iron_pickaxe":1,"minecraft:wooden_axe":2,"minecraft:stone_sword":1,"minecraft:music_disc_5":1,"minecraft:torch":88},"minecraft:picked_up":{"minecraft:wheat":19,"minecraft:azure_bluet":4,"minecraft:ladder":1,"minecraft:clay_ball":16,"minecraft:oak_stairs":109,"gravestone:obituary":3,"minecraft:moss_carpet":7,"minecraft:string":3,"butchersdelight:dead_cow":15,"minecraft:beetroot":8,"minecraft:cobbled_deepslate":4,"minecraft:beef":26,"minecraft:redstone_torch":1,"minecraft:azalea":1,"minecraft:poppy":2,"hangglider:hang_glider":1,"minecraft:sugar_cane":40,"minecraft:chest":1,"minecraft:egg":5,"minecraft:dark_oak_sapling":4,"minecraft:stick":78,"minecraft:raw_iron":98,"minecraft:oak_door":2,"minecraft:big_dripleaf":3,"minecraft:composter":1,"minecraft:torch":21,"minecraft:note_block":2,"sophisticatedbackpacks:backpack":1,"minecraft:carrot":102,"minecraft:redstone":31,"minecraft:cauldron":1,"minecraft:tnt":2,"butchersdelight:deadsheep":4,"minecraft:arrow":7,"minecraft:rotten_flesh":11,"minecraft:tropical_fish":1,"minecraft:beetroot_seeds":26,"minecraft:hay_block":31,"alexscaves:spelunkery_table":1,"sophisticatedbackpacks:copper_backpack":1,"minecraft:white_terracotta":47,"minecraft:glow_berries":3,"minecraft:cobblestone":1237,"minecraft:skeleton_skull":2,"minecraft:white_wool":4,"minecraft:andesite":2,"minecraft:leather":5,"minecraft:potato":64,"minecraft:tuff":4,"minecraft:oak_log":392,"minecraft:gunpowder":1,"minecraft:yellow_bed":1,"minecraft:cobblestone_stairs":4,"minecraft:dirt":71,"minecraft:bone":15,"minecraft:apple":14,"minecraft:stonecutter":2,"minecraft:wheat_seeds":111,"minecraft:iron_ingot":5,"minecraft:moss_block":9,"minecraft:flowering_azalea":2,"minecraft:oak_planks":11,"minecraft:book":2,"minecraft:sweet_berries":4,"minecraft:dandelion":7,"minecraft:gravel":9,"butchersdelight:cow_hide":3,"sophisticatedbackpacks:iron_backpack":1,"minecraft:soul_torch":2,"minecraft:dark_oak_log":146,"minecraft:spider_eye":1,"minecraft:mossy_cobblestone":15,"minecraft:diamond":9,"minecraft:bone_meal":1,"minecraft:emerald":2,"minecraft:terracotta":2,"minecraft:oak_sapling":133,"minecraft:dark_oak_fence":2,"minecraft:coal":32},"minecraft:killed":{"minecraft:spider":1,"minecraft:skeleton":4,"minecraft:horse":3,"minecraft:axolotl":1,"minecraft:iron_golem":1,"minecraft:creeper":2,"minecraft:sheep":4,"minecraft:zombie":5},"minecraft:custom":{"minecraft:mob_kills":24,"minecraft:interact_with_crafting_table":45,"minecraft:open_barrel":2,"minecraft:leave_game":27,"minecraft:time_since_death":95033,"minecraft:climb_one_cm":11459,"minecraft:sprint_one_cm":1810845,"minecraft:walk_one_cm":842274,"minecraft:drop":73,"minecraft:play_noteblock":2,"minecraft:damage_dealt_absorbed":80,"minecraft:talked_to_villager":8,"minecraft:play_time":467123,"minecraft:sneak_time":20257,"minecraft:deaths":21,"minecraft:walk_under_water_one_cm":50882,"minecraft:jump":12954,"minecraft:walk_on_water_one_cm":73960,"minecraft:total_world_time":467123,"minecraft:interact_with_furnace":18,"minecraft:sleep_in_bed":13,"minecraft:time_since_rest":7126,"minecraft:damage_taken":14418,"minecraft:damage_dealt":7356,"minecraft:swim_one_cm":71433,"minecraft:fly_one_cm":2317607,"minecraft:open_chest":72,"minecraft:crouch_one_cm":64810,"minecraft:fall_one_cm":507474},"minecraft:mined":{"minecraft:deepslate_tiles":1,"alexscaves:spelunkery_table":1,"minecraft:tuff":3,"minecraft:farmland":1,"minecraft:mossy_cobblestone":15,"minecraft:deepslate_diamond_ore":6,"minecraft:oak_door":2,"minecraft:cobblestone_stairs":5,"minecraft:sculk_vein":1,"minecraft:dark_oak_log":138,"minecraft:sea_lantern":1,"gravestone:gravestone":13,"minecraft:cave_vines_plant":5,"minecraft:ladder":1,"minecraft:dark_oak_fence":2,"minecraft:grass_block":47,"minecraft:spruce_leaves":1,"minecraft:moss_block":9,"minecraft:composter":1,"minecraft:hay_block":31,"minecraft:oak_trapdoor":2,"minecraft:carrots":58,"minecraft:iron_ore":74,"minecraft:andesite":2,"minecraft:moss_carpet":1,"minecraft:azure_bluet":7,"minecraft:potatoes":29,"minecraft:cave_vines":12,"minecraft:deepslate_iron_ore":25,"minecraft:water_cauldron":4,"minecraft:oak_stairs":139,"minecraft:packed_ice":6,"minecraft:azalea":1,"minecraft:stone":1110,"minecraft:deepslate_redstone_ore":8,"minecraft:soul_wall_torch":1,"minecraft:flowering_azalea":1,"minecraft:glass_pane":9,"minecraft:dandelion":8,"minecraft:powder_snow":40,"minecraft:oak_fence":5,"minecraft:clay":4,"minecraft:torch":6,"minecraft:note_block":2,"minecraft:emerald_ore":2,"minecraft:chest":1,"minecraft:white_stained_glass_pane":1,"minecraft:mushroom_stem":3,"minecraft:tall_grass":16,"minecraft:cobblestone":134,"minecraft:sugar_cane":17,"minecraft:oak_planks":18,"endofherobrine:mossy_stone_bricks":7,"minecraft:sculk":3,"minecraft:wall_torch":6,"minecraft:big_dripleaf":1,"minecraft:skeleton_skull":2,"minecraft:white_terracotta":47,"minecraft:gray_wool":1,"butchersdelight:deadcowblock":5,"minecraft:wheat":58,"minecraft:birch_leaves":3,"minecraft:tnt":2,"minecraft:yellow_bed":1,"minecraft:yellow_stained_glass_pane":1,"minecraft:grass":125,"minecraft:oak_log":433,"minecraft:coal_ore":32,"minecraft:beetroots":14,"minecraft:gravel":10,"minecraft:dirt":9,"minecraft:cracked_stone_bricks":3,"minecraft:terracotta":2,"minecraft:red_mushroom_block":1,"minecraft:stonecutter":1,"minecraft:small_dripleaf":1,"minecraft:oak_leaves":42,"minecraft:deepslate":4},"minecraft:killed_by":{"minecraft:skeleton":4,"minecraft:zombie":2},"minecraft:used":{"minecraft:moss_carpet":5,"minecraft:stone_sword":19,"minecraft:stone_shovel":6,"minecraft:ladder":46,"minecraft:poppy":2,"minecraft:chest":1,"butchersdelight:hook":3,"minecraft:rotten_flesh":2,"minecraft:torch":60,"minecraft:dirt":32,"minecraft:carrot":22,"minecraft:tuff":4,"minecraft:iron_hoe":23,"minecraft:dark_oak_planks":6,"minecraft:wooden_axe":7,"minecraft:flowering_azalea":1,"butchersdelight:cleaver":18,"minecraft:iron_axe":529,"minecraft:oak_stairs":1,"minecraft:sweet_berries":4,"minecraft:oak_sapling":1,"minecraft:furnace":2,"minecraft:cooked_beef":6,"minecraft:egg":2,"minecraft:potato":27,"minecraft:cobbled_deepslate":1,"minecraft:water_bucket":1,"minecraft:stone_pickaxe":219,"minecraft:oak_planks":8,"minecraft:wooden_pickaxe":26,"minecraft:diamond_axe":75,"minecraft:leather_boots":1,"minecraft:glow_berries":18,"minecraft:mossy_cobblestone":6,"minecraft:crafting_table":8,"minecraft:oak_log":335,"minecraft:diamond_pickaxe":1244,"minecraft:apple":2,"minecraft:diamond_shovel":41,"minecraft:dark_oak_log":26,"minecraft:bread":106,"minecraft:iron_pickaxe":50,"minecraft:gravel":4,"minecraft:stone_axe":311,"minecraft:cobblestone":1110,"minecraft:dark_oak_fence":2,"minecraft:andesite":2,"minecraft:yellow_bed":1,"minecraft:dandelion":4,"minecraft:bone_meal":1,"minecraft:soul_torch":14},"minecraft:dropped":{"minecraft:enchanted_book":2,"minecraft:iron_ingot":2,"minecraft:wheat_seeds":39,"minecraft:tnt":1,"minecraft:cobblestone":4,"minecraft:book":2,"minecraft:saddle":1,"minecraft:dirt":9,"minecraft:dark_oak_log":2,"minecraft:potion":2,"minecraft:oak_stairs":39,"gravestone:obituary":20,"minecraft:stonecutter":2,"minecraft:string":1,"minecraft:music_disc_cat":1,"butchersdelight:cow_hide":2,"minecraft:cauldron":1,"minecraft:dandelion":3,"minecraft:oak_door":2,"hangglider:hang_glider":1,"minecraft:iron_nugget":2,"alexscaves:cave_tablet":6,"minecraft:experience_bottle":4,"minecraft:music_disc_5":1,"minecraft:beetroot":8,"minecraft:enchanted_golden_apple":1,"minecraft:clay_ball":16,"minecraft:oak_planks":7,"minecraft:name_tag":1,"minecraft:echo_shard":18,"minecraft:potato":11,"minecraft:beetroot_seeds":21,"minecraft:oak_sapling":1}},"DataVersion":3465}