{"stats":{"minecraft:broken":{"minecraft:stone_pickaxe":1,"minecraft:iron_axe":1,"minecraft:iron_pickaxe":1,"minecraft:wooden_axe":8},"minecraft:crafted":{"minecraft:cherry_planks":8,"minecraft:wooden_sword":3,"minecraft:dark_oak_boat":1,"minecraft:iron_nugget":9,"minecraft:furnace":2,"minecraft:crimson_button":1,"minecraft:warped_planks":4,"minecraft:iron_boots":1,"minecraft:iron_axe":2,"minecraft:stone_pickaxe":2,"minecraft:chest":1,"minecraft:dark_oak_planks":312,"minecraft:crimson_planks":216,"minecraft:crafting_table":6,"minecraft:wooden_pickaxe":2,"minecraft:iron_helmet":1,"minecraft:crimson_slab":6,"minecraft:iron_sword":1,"minecraft:cherry_button":4,"minecraft:copper_ingot":1,"sophisticatedbackpacks:gold_backpack":1,"minecraft:bucket":2,"butchersdelight:cleaver":1,"minecraft:birch_planks":44,"minecraft:stone_axe":1,"minecraft:air":0,"minecraft:wooden_hoe":1,"minecraft:iron_chestplate":1,"minecraft:shield":1,"sophisticatedbackpacks:diamond_backpack":1,"minecraft:stick":44,"minecraft:warped_slab":6,"minecraft:iron_ingot":52,"minecraft:iron_pickaxe":2,"minecraft:wooden_axe":9,"minecraft:stone_sword":1,"minecraft:iron_leggings":1,"minecraft:gold_ingot":18,"minecraft:white_bed":1,"minecraft:torch":12},"minecraft:picked_up":{"minecraft:wooden_axe":1,"butchersdelight:deadhoglin":1,"minecraft:crafting_table":20,"minecraft:azure_bluet":1,"minecraft:chicken":2,"minecraft:nether_wart":20,"minecraft:stone_slab":1,"minecraft:gold_block":3,"gravestone:obituary":15,"minecraft:crimson_planks":3,"minecraft:amethyst_block":26,"minecraft:cornflower":1,"minecraft:string":2,"minecraft:moss_carpet":8,"minecraft:raw_copper":67,"create:scorchia":1,"minecraft:blackstone":3,"minecraft:shroomlight":5,"butchersdelight:dead_cow":4,"minecraft:cobbled_deepslate":76,"minecraft:gold_nugget":2,"minecraft:beef":8,"minecraft:calcite":1,"minecraft:azalea":1,"minecraft:poppy":2,"minecraft:sugar_cane":4,"minecraft:furnace":1,"minecraft:egg":3,"minecraft:dark_oak_sapling":24,"minecraft:stick":33,"minecraft:raw_iron":113,"minecraft:torch":24,"minecraft:cherry_log":57,"minecraft:diorite":5,"minecraft:carrot":1,"minecraft:golden_chestplate":1,"minecraft:dark_oak_planks":8,"butchersdelight:deadsheep":12,"minecraft:arrow":11,"minecraft:weeping_vines":28,"minecraft:rotten_flesh":8,"minecraft:tropical_fish":4,"minecraft:nether_bricks":1,"minecraft:blaze_rod":2,"minecraft:glow_berries":19,"minecraft:mutton":11,"minecraft:crimson_slab":1,"minecraft:white_wool":12,"minecraft:cobblestone":63,"minecraft:oxeye_daisy":1,"minecraft:birch_log":11,"minecraft:pink_petals":4,"minecraft:feather":4,"minecraft:basalt":1,"minecraft:crimson_stem":64,"minecraft:glow_ink_sac":2,"minecraft:andesite":6,"minecraft:leather":3,"minecraft:dark_oak_boat":6,"minecraft:potato":1,"minecraft:flint":1,"minecraft:tuff":18,"minecraft:oak_log":4,"minecraft:nether_wart_block":220,"minecraft:lapis_lazuli":34,"minecraft:dirt":9,"butchersdelight:deadchiken":2,"minecraft:bone":9,"minecraft:apple":5,"minecraft:wheat_seeds":2,"minecraft:warped_stem":1,"minecraft:raw_gold":23,"minecraft:iron_ingot":3,"minecraft:iron_sword":1,"minecraft:moss_block":66,"minecraft:flowering_azalea":2,"minecraft:soul_sand":10,"minecraft:warped_wart_block":15,"minecraft:dandelion":8,"butchersdelight:cow_hide":4,"minecraft:gravel":13,"minecraft:amethyst_shard":18,"sophisticatedbackpacks:iron_backpack":2,"minecraft:white_bed":18,"minecraft:dark_oak_log":307,"butchersdelight:sheephide":12,"minecraft:diamond":13,"minecraft:cherry_sapling":40,"minecraft:granite":5,"minecraft:bone_meal":1,"minecraft:netherrack":238,"minecraft:coal":10,"minecraft:crimson_roots":8,"minecraft:ender_pearl":1},"minecraft:killed":{"minecraft:spider":1,"minecraft:horse":4,"minecraft:skeleton":9,"minecraft:zombie_villager":1,"minecraft:sheep":12,"minecraft:zombie":8,"minecraft:enderman":3,"minecraft:blaze":3},"minecraft:custom":{"minecraft:mob_kills":44,"minecraft:interact_with_crafting_table":46,"minecraft:leave_game":13,"minecraft:time_since_death":10058,"minecraft:climb_one_cm":8175,"minecraft:sprint_one_cm":803542,"minecraft:walk_one_cm":421761,"minecraft:drop":98,"minecraft:damage_dealt_absorbed":80,"minecraft:talked_to_villager":1,"minecraft:play_time":302514,"minecraft:sneak_time":33881,"minecraft:deaths":33,"minecraft:walk_under_water_one_cm":17948,"minecraft:boat_one_cm":68250,"minecraft:jump":5634,"minecraft:walk_on_water_one_cm":50384,"minecraft:total_world_time":302514,"minecraft:interact_with_furnace":25,"minecraft:sleep_in_bed":3,"minecraft:time_since_rest":10090,"minecraft:damage_taken":11226,"minecraft:damage_dealt":8960,"minecraft:swim_one_cm":19025,"minecraft:fly_one_cm":909118,"minecraft:open_chest":24,"minecraft:crouch_one_cm":105602,"minecraft:fall_one_cm":157580},"minecraft:mined":{"minecraft:nether_gold_ore":1,"minecraft:large_amethyst_bud":1,"minecraft:tuff":23,"minecraft:white_bed":18,"minecraft:dark_oak_leaves":1,"minecraft:deepslate_diamond_ore":13,"minecraft:cherry_log":57,"minecraft:dark_oak_log":313,"minecraft:cave_vines_plant":1,"minecraft:nether_bricks":2,"minecraft:granite":5,"gravestone:gravestone":25,"minecraft:budding_amethyst":8,"minecraft:grass_block":3,"minecraft:crimson_roots":6,"minecraft:weeping_vines":6,"minecraft:moss_block":66,"minecraft:oxeye_daisy":1,"minecraft:nether_wart":20,"minecraft:spawner":2,"minecraft:crimson_stem":71,"minecraft:weeping_vines_plant":5,"minecraft:furnace":1,"minecraft:iron_ore":66,"minecraft:fire":5,"minecraft:cobbled_deepslate":6,"minecraft:andesite":6,"create:scorchia":1,"minecraft:moss_carpet":1,"minecraft:deepslate_lapis_ore":6,"minecraft:azure_bluet":1,"minecraft:gold_block":3,"minecraft:flowering_azalea_leaves":1,"minecraft:shroomlight":8,"minecraft:deepslate_iron_ore":13,"minecraft:vine":1,"minecraft:small_amethyst_bud":2,"minecraft:warped_stem":1,"minecraft:azalea_leaves":2,"minecraft:stone":52,"minecraft:flowering_azalea":1,"minecraft:soul_sand":10,"minecraft:blackstone":3,"minecraft:medium_amethyst_bud":2,"minecraft:crimson_nylium":2,"minecraft:amethyst_cluster":4,"minecraft:basalt":2,"minecraft:dandelion":8,"minecraft:cornflower":1,"minecraft:crafting_table":20,"minecraft:torch":10,"minecraft:poppy":2,"minecraft:crimson_slab":1,"minecraft:stone_slab":1,"minecraft:tall_grass":1,"minecraft:copper_ore":18,"minecraft:cobblestone":16,"minecraft:deepslate_gold_ore":21,"minecraft:sugar_cane":2,"minecraft:diorite":6,"minecraft:wall_torch":1,"minecraft:amethyst_block":26,"minecraft:warped_wart_block":19,"minecraft:pink_petals":1,"minecraft:warped_nylium":1,"minecraft:nether_wart_block":314,"minecraft:birch_log":11,"minecraft:birch_leaves":1,"minecraft:bee_nest":1,"minecraft:grass":20,"minecraft:oak_log":8,"minecraft:coal_ore":9,"minecraft:gravel":14,"minecraft:dirt":7,"minecraft:crimson_planks":3,"minecraft:netherrack":238,"minecraft:gold_ore":2,"minecraft:deepslate":48,"minecraft:dark_oak_planks":6},"minecraft:killed_by":{"minecraft:player":1,"minecraft:creeper":1,"minecraft:spider":1,"minecraft:piglin":2,"minecraft:hoglin":6,"minecraft:skeleton":3,"minecraft:blaze":1,"minecraft:zombie":4},"minecraft:used":{"minecraft:moss_block":1,"minecraft:stone_sword":2,"minecraft:chest":1,"minecraft:iron_sword":84,"minecraft:netherrack":173,"minecraft:torch":32,"minecraft:mutton":6,"minecraft:dirt":9,"minecraft:warped_wart_block":15,"minecraft:granite":5,"minecraft:shroomlight":3,"minecraft:dark_oak_planks":162,"minecraft:wooden_axe":515,"butchersdelight:cleaver":3,"minecraft:lava_bucket":10,"minecraft:iron_axe":282,"minecraft:crimson_slab":7,"minecraft:crimson_planks":170,"minecraft:dark_oak_boat":6,"minecraft:furnace":3,"minecraft:egg":2,"minecraft:cobbled_deepslate":30,"minecraft:crimson_stem":10,"minecraft:calcite":1,"minecraft:diorite":5,"minecraft:water_bucket":37,"minecraft:birch_planks":35,"minecraft:stone_pickaxe":165,"minecraft:wooden_pickaxe":15,"minecraft:glow_berries":2,"minecraft:crafting_table":23,"minecraft:white_bed":19,"minecraft:warped_planks":1,"minecraft:wooden_hoe":41,"minecraft:chicken":2,"minecraft:dark_oak_log":37,"minecraft:warped_slab":6,"minecraft:iron_pickaxe":454,"minecraft:stone_slab":1,"minecraft:stone_axe":82,"minecraft:nether_wart_block":217,"minecraft:wooden_sword":18,"minecraft:cobblestone":33,"minecraft:andesite":6,"minecraft:bucket":49,"minecraft:bone_meal":1},"minecraft:dropped":{"minecraft:iron_sword":1,"minecraft:wheat_seeds":2,"minecraft:weeping_vines":8,"minecraft:cobblestone":3,"minecraft:tropical_fish":1,"create:scorchia":1,"minecraft:crimson_roots":6,"minecraft:wooden_axe":2,"minecraft:nether_wart_block":3,"minecraft:axolotl_bucket":1,"gravestone:obituary":48,"minecraft:wooden_sword":1,"minecraft:gold_nugget":2,"minecraft:flowering_azalea":2,"minecraft:dark_oak_planks":2,"minecraft:gravel":11,"minecraft:moss_carpet":8,"minecraft:blackstone":3,"minecraft:golden_chestplate":2,"minecraft:cobbled_deepslate":37,"minecraft:tuff":2,"minecraft:rotten_flesh":8,"minecraft:carrot":1,"minecraft:potato":1,"minecraft:shroomlight":2,"minecraft:basalt":1,"minecraft:wooden_pickaxe":1,"minecraft:netherrack":1}},"DataVersion":3465}