{"stats":{"minecraft:picked_up":{"minecraft:dark_oak_sapling":2,"minecraft:stick":2,"minecraft:crafting_table":2,"minecraft:apple":1,"minecraft:dark_oak_log":98,"minecraft:dirt":9,"minecraft:egg":1},"minecraft:custom":{"minecraft:time_since_rest":612,"minecraft:crouch_one_cm":239,"minecraft:play_time":11137,"minecraft:sprint_one_cm":15419,"minecraft:deaths":1,"minecraft:damage_taken":240,"minecraft:walk_one_cm":4701,"minecraft:sneak_time":76,"minecraft:jump":28,"minecraft:leave_game":4,"minecraft:time_since_death":0,"minecraft:total_world_time":11137,"minecraft:interact_with_crafting_table":2,"minecraft:fall_one_cm":751,"minecraft:fly_one_cm":6202},"minecraft:killed_by":{"minecraft:skeleton":1},"minecraft:mined":{"minecraft:grass":1,"minecraft:dark_oak_log":121,"minecraft:crafting_table":2},"minecraft:used":{"minecraft:wooden_axe":120,"minecraft:dark_oak_log":1,"minecraft:crafting_table":2,"minecraft:egg":1},"minecraft:crafted":{"minecraft:dark_oak_planks":20,"minecraft:crafting_table":1,"minecraft:stick":8,"minecraft:wooden_pickaxe":1,"minecraft:wooden_axe":2},"minecraft:broken":{"minecraft:wooden_axe":2}},"DataVersion":3465}