{"stats":{"minecraft:crafted":{"minecraft:wooden_sword":1,"minecraft:crimson_planks":88,"minecraft:crafting_table":5,"minecraft:dark_oak_boat":1,"minecraft:iron_nugget":9,"minecraft:wooden_pickaxe":2,"minecraft:iron_helmet":1,"minecraft:iron_sword":1,"minecraft:furnace":1,"minecraft:copper_ingot":1,"minecraft:crimson_button":1,"minecraft:birch_planks":44,"minecraft:bucket":1,"butchersdelight:cleaver":1,"minecraft:air":0,"minecraft:wooden_hoe":1,"minecraft:iron_chestplate":1,"minecraft:iron_boots":1,"minecraft:shield":1,"minecraft:iron_axe":1,"minecraft:stick":20,"minecraft:iron_ingot":42,"minecraft:iron_pickaxe":1,"minecraft:stone_pickaxe":1,"minecraft:wooden_axe":8,"minecraft:chest":1,"minecraft:iron_leggings":1,"minecraft:white_bed":1,"minecraft:dark_oak_planks":80,"minecraft:torch":12},"minecraft:mined":{"minecraft:nether_gold_ore":1,"minecraft:tuff":2,"minecraft:flowering_azalea":1,"minecraft:dark_oak_leaves":1,"minecraft:deepslate_diamond_ore":2,"minecraft:crimson_nylium":1,"minecraft:dark_oak_log":313,"minecraft:nether_bricks":2,"gravestone:gravestone":1,"minecraft:crafting_table":12,"minecraft:cave_vines_plant":1,"minecraft:torch":2,"minecraft:crimson_roots":4,"minecraft:weeping_vines":2,"minecraft:copper_ore":15,"minecraft:cobblestone":16,"minecraft:moss_block":66,"minecraft:wall_torch":1,"minecraft:crimson_stem":36,"minecraft:weeping_vines_plant":1,"minecraft:furnace":1,"minecraft:nether_wart_block":211,"minecraft:birch_log":11,"minecraft:iron_ore":61,"minecraft:fire":3,"minecraft:cobbled_deepslate":6,"minecraft:moss_carpet":1,"minecraft:grass":9,"minecraft:shroomlight":7,"minecraft:coal_ore":9,"minecraft:deepslate_iron_ore":10,"minecraft:vine":1,"minecraft:gravel":12,"minecraft:stone":28,"minecraft:netherrack":5,"minecraft:deepslate":17,"minecraft:dark_oak_planks":3},"minecraft:used":{"minecraft:moss_block":1,"minecraft:water_bucket":16,"minecraft:birch_planks":35,"minecraft:stone_pickaxe":132,"minecraft:chest":1,"minecraft:wooden_pickaxe":15,"minecraft:netherrack":6,"minecraft:torch":9,"minecraft:crafting_table":16,"minecraft:white_bed":1,"minecraft:shroomlight":2,"minecraft:wooden_axe":453,"minecraft:dark_oak_planks":18,"minecraft:wooden_hoe":41,"minecraft:lava_bucket":10,"minecraft:dark_oak_log":37,"minecraft:iron_axe":152,"minecraft:iron_pickaxe":43,"minecraft:nether_wart_block":130,"minecraft:crimson_planks":53,"minecraft:wooden_sword":13,"minecraft:cobblestone":6,"minecraft:dark_oak_boat":1,"minecraft:furnace":2,"minecraft:bucket":27,"minecraft:cobbled_deepslate":22,"minecraft:crimson_stem":10,"minecraft:bone_meal":1},"minecraft:dropped":{"minecraft:gravel":11,"minecraft:moss_carpet":8,"minecraft:wheat_seeds":2,"minecraft:cobbled_deepslate":17,"minecraft:tuff":2,"minecraft:weeping_vines":6,"minecraft:cobblestone":3,"minecraft:shroomlight":2,"minecraft:crimson_roots":4,"minecraft:wooden_axe":2,"minecraft:nether_wart_block":2,"minecraft:gold_nugget":2,"gravestone:obituary":7,"minecraft:wooden_sword":1,"minecraft:flowering_azalea":2,"minecraft:wooden_pickaxe":1,"minecraft:dark_oak_planks":2},"minecraft:killed":{"minecraft:sheep":5},"minecraft:broken":{"minecraft:stone_pickaxe":1,"minecraft:wooden_axe":7},"minecraft:custom":{"minecraft:interact_with_furnace":21,"minecraft:mob_kills":5,"minecraft:interact_with_crafting_table":30,"minecraft:leave_game":7,"minecraft:time_since_death":3056,"minecraft:climb_one_cm":2305,"minecraft:time_since_rest":3092,"minecraft:sprint_one_cm":250285,"minecraft:damage_taken":3169,"minecraft:walk_one_cm":103368,"minecraft:drop":34,"minecraft:damage_dealt":984,"minecraft:deaths":4,"minecraft:swim_one_cm":6535,"minecraft:fly_one_cm":226073,"minecraft:open_chest":3,"minecraft:play_time":74340,"minecraft:crouch_one_cm":33353,"minecraft:sneak_time":10885,"minecraft:walk_under_water_one_cm":1141,"minecraft:boat_one_cm":26325,"minecraft:jump":1428,"minecraft:walk_on_water_one_cm":10318,"minecraft:total_world_time":74340,"minecraft:fall_one_cm":45888},"minecraft:picked_up":{"minecraft:wooden_axe":1,"minecraft:birch_log":11,"minecraft:crafting_table":12,"minecraft:crimson_stem":32,"minecraft:dark_oak_boat":1,"minecraft:flint":1,"gravestone:obituary":3,"minecraft:tuff":2,"minecraft:nether_wart_block":132,"minecraft:moss_carpet":8,"minecraft:raw_copper":57,"minecraft:shroomlight":4,"butchersdelight:dead_cow":3,"minecraft:apple":5,"minecraft:wheat_seeds":2,"minecraft:gold_nugget":2,"minecraft:cobbled_deepslate":39,"minecraft:iron_ingot":3,"minecraft:beef":6,"minecraft:moss_block":66,"minecraft:flowering_azalea":2,"minecraft:furnace":1,"minecraft:dark_oak_sapling":24,"minecraft:stick":20,"minecraft:raw_iron":103,"minecraft:torch":4,"minecraft:gravel":11,"butchersdelight:cow_hide":3,"minecraft:dark_oak_log":307,"minecraft:dark_oak_planks":5,"butchersdelight:sheephide":5,"butchersdelight:deadsheep":5,"minecraft:weeping_vines":16,"minecraft:diamond":2,"minecraft:tropical_fish":3,"minecraft:nether_bricks":1,"minecraft:bone_meal":1,"minecraft:netherrack":6,"minecraft:glow_berries":17,"minecraft:mutton":5,"minecraft:coal":10,"minecraft:white_wool":5,"minecraft:crimson_roots":5,"minecraft:cobblestone":39}},"DataVersion":3465}