{"stats":{"minecraft:crafted":{"minecraft:wooden_sword":3,"minecraft:dark_oak_boat":1,"minecraft:iron_nugget":9,"minecraft:furnace":2,"minecraft:crimson_button":1,"minecraft:warped_planks":4,"minecraft:iron_boots":1,"minecraft:iron_axe":1,"minecraft:stone_pickaxe":2,"minecraft:chest":1,"minecraft:dark_oak_planks":312,"minecraft:crimson_planks":216,"minecraft:crafting_table":6,"minecraft:wooden_pickaxe":2,"minecraft:iron_helmet":1,"minecraft:crimson_slab":6,"minecraft:iron_sword":1,"minecraft:copper_ingot":1,"minecraft:bucket":1,"minecraft:birch_planks":44,"butchersdelight:cleaver":1,"minecraft:stone_axe":1,"minecraft:air":0,"minecraft:iron_chestplate":1,"minecraft:wooden_hoe":1,"minecraft:shield":1,"minecraft:stick":36,"minecraft:warped_slab":6,"minecraft:iron_ingot":52,"minecraft:iron_pickaxe":2,"minecraft:wooden_axe":9,"minecraft:stone_sword":1,"minecraft:iron_leggings":1,"minecraft:white_bed":1,"minecraft:torch":12},"minecraft:mined":{"minecraft:dark_oak_planks":6,"minecraft:nether_gold_ore":1,"minecraft:tuff":2,"minecraft:dark_oak_leaves":1,"minecraft:deepslate_diamond_ore":2,"minecraft:dark_oak_log":313,"gravestone:gravestone":11,"minecraft:cave_vines_plant":1,"minecraft:nether_bricks":2,"minecraft:crimson_roots":6,"minecraft:weeping_vines":6,"minecraft:moss_block":66,"minecraft:nether_wart":20,"minecraft:crimson_stem":71,"minecraft:spawner":2,"minecraft:weeping_vines_plant":5,"minecraft:furnace":1,"minecraft:iron_ore":61,"minecraft:cobbled_deepslate":6,"minecraft:fire":5,"create:scorchia":1,"minecraft:moss_carpet":1,"minecraft:deepslate_iron_ore":10,"minecraft:shroomlight":8,"minecraft:vine":1,"minecraft:warped_stem":1,"minecraft:stone":28,"minecraft:flowering_azalea":1,"minecraft:blackstone":3,"minecraft:soul_sand":10,"minecraft:crimson_nylium":2,"minecraft:basalt":2,"minecraft:crafting_table":15,"minecraft:torch":2,"minecraft:crimson_slab":1,"minecraft:copper_ore":15,"minecraft:cobblestone":16,"minecraft:wall_torch":1,"minecraft:warped_wart_block":19,"minecraft:warped_nylium":1,"minecraft:nether_wart_block":314,"minecraft:birch_log":11,"minecraft:grass":9,"minecraft:coal_ore":9,"minecraft:gravel":12,"minecraft:dirt":1,"minecraft:crimson_planks":3,"minecraft:netherrack":236,"minecraft:deepslate":17},"minecraft:used":{"minecraft:moss_block":1,"minecraft:stone_sword":2,"minecraft:chest":1,"minecraft:iron_sword":15,"minecraft:netherrack":76,"minecraft:torch":14,"minecraft:warped_wart_block":15,"minecraft:shroomlight":3,"minecraft:dark_oak_planks":162,"minecraft:wooden_axe":515,"minecraft:lava_bucket":10,"minecraft:iron_axe":154,"minecraft:crimson_slab":7,"minecraft:crimson_planks":170,"minecraft:dark_oak_boat":1,"minecraft:furnace":3,"minecraft:cobbled_deepslate":22,"minecraft:crimson_stem":10,"minecraft:water_bucket":30,"minecraft:birch_planks":35,"minecraft:stone_pickaxe":165,"minecraft:wooden_pickaxe":15,"minecraft:crafting_table":19,"minecraft:white_bed":1,"minecraft:warped_planks":1,"minecraft:wooden_hoe":41,"minecraft:dark_oak_log":37,"minecraft:warped_slab":6,"minecraft:iron_pickaxe":255,"minecraft:stone_axe":82,"minecraft:nether_wart_block":217,"minecraft:wooden_sword":18,"minecraft:cobblestone":9,"minecraft:bucket":41,"minecraft:bone_meal":1},"minecraft:dropped":{"minecraft:wheat_seeds":2,"minecraft:weeping_vines":8,"minecraft:cobblestone":3,"create:scorchia":1,"minecraft:crimson_roots":6,"minecraft:wooden_axe":2,"minecraft:nether_wart_block":3,"gravestone:obituary":29,"minecraft:wooden_sword":1,"minecraft:gold_nugget":2,"minecraft:flowering_azalea":2,"minecraft:dark_oak_planks":2,"minecraft:gravel":11,"minecraft:moss_carpet":8,"minecraft:blackstone":3,"minecraft:golden_chestplate":1,"minecraft:cobbled_deepslate":17,"minecraft:tuff":2,"minecraft:shroomlight":2,"minecraft:basalt":1,"minecraft:wooden_pickaxe":1},"minecraft:killed":{"minecraft:zombie_villager":1,"minecraft:sheep":5,"minecraft:zombie":1,"minecraft:blaze":3},"minecraft:broken":{"minecraft:stone_pickaxe":1,"minecraft:iron_pickaxe":1,"minecraft:wooden_axe":8},"minecraft:custom":{"minecraft:mob_kills":12,"minecraft:interact_with_crafting_table":40,"minecraft:leave_game":10,"minecraft:time_since_death":0,"minecraft:climb_one_cm":6893,"minecraft:sprint_one_cm":496838,"minecraft:walk_one_cm":206676,"minecraft:drop":65,"minecraft:play_time":167382,"minecraft:deaths":23,"minecraft:sneak_time":29026,"minecraft:walk_under_water_one_cm":1141,"minecraft:boat_one_cm":26325,"minecraft:jump":3047,"minecraft:walk_on_water_one_cm":12680,"minecraft:total_world_time":167382,"minecraft:interact_with_furnace":25,"minecraft:time_since_rest":572,"minecraft:damage_taken":8670,"minecraft:damage_dealt":2436,"minecraft:swim_one_cm":6535,"minecraft:fly_one_cm":476558,"minecraft:open_chest":20,"minecraft:crouch_one_cm":91085,"minecraft:fall_one_cm":84660},"minecraft:picked_up":{"minecraft:wooden_axe":1,"minecraft:crafting_table":15,"minecraft:nether_wart":20,"gravestone:obituary":7,"minecraft:crimson_planks":3,"minecraft:moss_carpet":8,"minecraft:raw_copper":57,"create:scorchia":1,"minecraft:shroomlight":5,"minecraft:blackstone":3,"butchersdelight:dead_cow":3,"minecraft:gold_nugget":2,"minecraft:cobbled_deepslate":39,"minecraft:beef":6,"minecraft:furnace":1,"minecraft:dark_oak_sapling":24,"minecraft:stick":20,"minecraft:raw_iron":103,"minecraft:torch":9,"minecraft:dark_oak_planks":8,"minecraft:rotten_flesh":2,"minecraft:weeping_vines":28,"butchersdelight:deadsheep":5,"minecraft:tropical_fish":3,"minecraft:nether_bricks":1,"minecraft:blaze_rod":2,"minecraft:glow_berries":17,"minecraft:mutton":5,"minecraft:cobblestone":39,"minecraft:white_wool":5,"minecraft:crimson_slab":1,"minecraft:birch_log":11,"minecraft:basalt":1,"minecraft:crimson_stem":64,"minecraft:dark_oak_boat":1,"minecraft:flint":1,"minecraft:tuff":2,"minecraft:nether_wart_block":220,"minecraft:apple":5,"minecraft:wheat_seeds":2,"minecraft:warped_stem":1,"minecraft:iron_ingot":3,"minecraft:moss_block":66,"minecraft:flowering_azalea":2,"minecraft:soul_sand":10,"minecraft:warped_wart_block":15,"butchersdelight:cow_hide":3,"minecraft:gravel":11,"minecraft:dark_oak_log":307,"butchersdelight:sheephide":5,"minecraft:diamond":2,"minecraft:bone_meal":1,"minecraft:netherrack":236,"minecraft:coal":10,"minecraft:crimson_roots":8,"butchersdelight:deadhoglin":1},"minecraft:killed_by":{"minecraft:piglin":2,"minecraft:hoglin":6,"minecraft:blaze":1,"minecraft:zombie":4}},"DataVersion":3465}